{"img_format": "PNG", "img_res_x": 1, "img_res_y": 100, "cam_mat_intr": {"f_x": 138.88888888888889, "f_y": 138.88888888888889, "c_x": 0.0, "c_y": 49.5}, "is_stereo": false}